<?xml version="1.0" encoding="UTF-8"?>
<!DOCTYPE suite SYSTEM "https://testng.org/testng-1.0.dtd">
<suite name="Suite">
	
	<listeners>
		<listener class-name="com.Listeners.TestListener"></listener>
	</listeners>
	
  <test thread-count="5" name="Test">
    <classes>
      <class name="com.saucedemo.testscripts.FirstScenarioTest"/>
      <class name="com.saucedemo.testscripts.SecondScenarioTest"/>
      <class name="com.saucedemo.testscripts.ThirdScenarioTest"/>
      <class name="com.saucedemo.testscripts.FrthScenarioTest"/>
      <class name="com.saucedemo.testscripts.FifthScenarioTest"/>
    </classes>
  </test> <!-- Test -->
  
</suite> <!-- Suite -->
